slug,title,cluster,keyword,search_volume,keyword_difficulty,cpc,priority_score,intent,status,published_at,url
what-does-rassoul-mean-the-arabic-root-r-s-l-explained,What Does 'Rassoul' Mean? The Arabic Root R-S-L Explained,sirah,rassoul,90,1,1.34,999999,informational,needs_review,2026-07-07T17:08:06.878Z,/sirah/what-does-rassoul-mean-the-arabic-root-r-s-l-explained
rasul-rasool-rassoul-one-word-many-spellings,"Rasul, Rasool, Rassoul: One Word, Many Spellings",sirah,rasool,0,1,1.34,999999,informational,published,2026-07-09T20:16:02.576Z,/sirah/rasul-rasool-rassoul-one-word-many-spellings
rasul-allah-the-messenger-of-allah,Rasul Allah: The Messenger of Allah ﷺ,sirah,rasul allah,0,1,1.34,999999,informational,published,2026-07-10T09:28:10.481Z,/sirah/rasul-allah-the-messenger-of-allah
the-difference-between-nabi-and-rasul-in-islam,The Difference Between Nabi and Rasul in Islam,sirah,nabi vs rasul,0,1,1.34,999999,informational,published,2026-07-13T09:18:05.608Z,/sirah/the-difference-between-nabi-and-rasul-in-islam
how-many-messengers-rusul-did-allah-send,How Many Messengers (Rusul) Did Allah Send?,sirah,how many messengers in islam,0,1,1.34,999999,informational,failed,2026-07-19T18:53:11.247Z,
ramadan-2026,Ramadan 2026,ramadan,ramadan 2026,368000,25,1.74,1226666,informational,needs_review,2026-07-07T17:13:10.669Z,/ramadan/ramadan-2026
month-ramadan,Month Ramadan,ramadan,month ramadan,246000,47,1.38,473076,informational,published,2026-07-09T20:17:52.309Z,/ramadan/month-ramadan
surah-waqiah-meaning-benefits-full-recitation,"Surah Waqiah: Meaning, Benefits & Full Recitation",quran,surah waqiah,33100,2,4.07,472857,informational,needs_review,2026-07-07T17:11:24.898Z,/quran/surah-waqiah-meaning-benefits-full-recitation
2025-ramadan,2025 Ramadan,ramadan,2025 ramadan,40500,4,4.36,450000,informational,published,2026-07-10T09:30:00.313Z,/ramadan/2025-ramadan
ramadan,Ramadan,ramadan,ramadan,246000,51,1.38,439285,informational,published,2026-07-13T09:20:07.307Z,/ramadan/ramadan
surah-rahman-meaning-benefits-full-recitation,"Surah Rahman: Meaning, Benefits & Full Recitation",quran,surah rahman,33100,3,9.4,413750,informational,published,2026-07-09T20:17:17.011Z,/quran/surah-rahman-meaning-benefits-full-recitation
ramadan-mubarak-ramadan,Ramadan Mubarak Ramadan,ramadan,ramadan mubarak ramadan,40500,6,0.12,368181,informational,failed,2026-07-19T18:53:11.247Z,
ramadan-eid,Ramadan & Eid,ramadan,ramadan & eid,90500,20,0.47,362000,informational,failed,2026-07-20T12:48:31.869Z,
eid-ramadan,Eid Ramadan,ramadan,eid ramadan,90500,21,0.47,348076,informational,failed,2026-07-20T12:53:08.047Z,
surah-baqarah-meaning-benefits-full-recitation,"Surah Baqarah: Meaning, Benefits & Full Recitation",quran,last 2 ayats of surah baqarah,22200,2,,317142,informational,published,2026-07-10T09:29:19.199Z,/quran/surah-baqarah-meaning-benefits-full-recitation
surah-mulk-meaning-benefits-full-recitation,"Surah Mulk: Meaning, Benefits & Full Recitation",quran,surah mulk,74000,20,15.45,296000,informational,published,2026-07-13T09:19:34.825Z,/quran/surah-mulk-meaning-benefits-full-recitation
eid-hajj,Eid Hajj,hajj,eid hajj,110000,33,3.31,289473,informational,needs_review,2026-07-07T17:13:57.223Z,/hajj/eid-hajj
when-is-ramadan-2026-date-fasting-times-what-to-expect,"When Is Ramadan 2026? Date, Fasting Times & What to Expect",ramadan,when i ramadan,90500,28,1.33,274242,informational,failed,2026-07-20T12:55:37.412Z,
eid-al-fitr-end-of-ramadan,Eid Al Fitr End of Ramadan,ramadan,eid al fitr end of ramadan,90500,31,0.47,251388,informational,failed,2026-07-20T12:59:51.831Z,
end-of-ramadan-holiday,End of Ramadan Holiday,ramadan,end of ramadan holiday,90500,32,0.47,244594,informational,failed,2026-07-20T13:09:48.228Z,
eid-end-of-ramadan,Eid End of Ramadan,ramadan,eid end of ramadan,90500,33,0.47,238157,informational,failed,2026-07-20T13:28:22.933Z,
yaseen-surah-quran,Yaseen Surah #quran,quran,yaseen surah #quran,49500,16,6.77,235714,informational,failed,2026-07-19T18:53:11.247Z,
surah-al-meaning-benefits-full-recitation,"Surah Al: Meaning, Benefits & Full Recitation",quran,surah al nass,14800,2,,211428,informational,failed,2026-07-20T12:48:31.869Z,
maun-surah,Maun Surah,quran,maun surah,12100,1,,201666,informational,failed,2026-07-20T12:53:08.047Z,
dua-unemployment-massachusetts,Dua Unemployment Massachusetts,duas,dua unemployment massachusetts,14800,3,3.78,185000,informational,needs_review,2026-07-07T17:07:21.059Z,/duas/dua-unemployment-massachusetts
duha-surah,Duha Surah,quran,duha surah,14800,3,,185000,informational,failed,2026-07-20T12:55:37.412Z,
surah-yasin-meaning-benefits-full-recitation,"Surah Yasin: Meaning, Benefits & Full Recitation",quran,surah yasin surah,49500,23,5.88,176785,informational,failed,2026-07-20T12:59:51.831Z,
surat-yasin-surah,Surat Yasin Surah,quran,surat yasin surah,49500,23,5.88,176785,informational,failed,2026-07-20T13:09:48.228Z,
surah-surah-meaning-benefits-full-recitation,"Surah Surah: Meaning, Benefits & Full Recitation",quran,surah surah kahf,33100,14,6.76,174210,informational,failed,2026-07-20T13:28:22.933Z,
surah-nas-meaning-benefits-full-recitation,"Surah Nas: Meaning, Benefits & Full Recitation",quran,surah nas,14800,4,,164444,informational,failed,2026-07-20T13:32:52.359Z,
hajj-of-islam,Hajj of Islam,hajj,hajj of islam,40500,20,5.49,162000,informational,published,2026-07-09T20:18:12.416Z,/hajj/hajj-of-islam
islamic-hajj,Islamic Hajj,hajj,islamic hajj,40500,22,5.35,150000,informational,published,2026-07-10T09:30:19.837Z,/hajj/islamic-hajj
al-duha-surah,Al-duha Surah,quran,al-duha surah,14800,5,,148000,informational,failed,2026-07-20T13:36:52.708Z,
surah-falaq-meaning-benefits-full-recitation,"Surah Falaq: Meaning, Benefits & Full Recitation",quran,surah falaq,14800,5,0.03,148000,informational,failed,2026-07-20T13:50:18.184Z,
hajj-pilgrimage-to-mecca,Hajj Pilgrimage to Mecca,hajj,hajj pilgrimage to mecca,40500,25,5.35,135000,informational,published,2026-07-13T09:20:24.689Z,/hajj/hajj-pilgrimage-to-mecca
surah-al-nas-meaning-benefits-full-recitation,"Surah Al-nas: Meaning, Benefits & Full Recitation",quran,surah al-nas,14800,7,0.01,123333,informational,pending,,
dua-ma,Dua Ma,duas,dua ma,14800,8,3.78,113846,informational,published,2026-07-09T20:15:46.394Z,/duas/dua-ma
hajj-hajj,Hajj Hajj,hajj,hajj hajj,40500,31,5.49,112500,informational,failed,2026-07-19T18:53:11.247Z,
muslim-pilgrimage-hajj,Muslim Pilgrimage Hajj,hajj,muslim pilgrimage hajj,40500,31,5.35,112500,informational,failed,2026-07-20T12:48:31.869Z,
wal-fajr-surah,Wal Fajr Surah,quran,wal fajr surah,12100,7,0.11,100833,informational,pending,,
surah-fajr-meaning-benefits-full-recitation,"Surah Fajr: Meaning, Benefits & Full Recitation",quran,surah fajr,12100,7,0.11,100833,informational,pending,,
dua-mass,Dua Mass,duas,dua mass,14800,10,3.78,98666,informational,published,2026-07-10T09:27:49.676Z,/duas/dua-mass
dua-qunoot-dua-qunoot,Dua Qunoot Dua Qunoot,duas,dua qunoot dua qunoot,27100,,0.01,90333,informational,needs_review,2026-07-13T09:17:45.488Z,/duas/dua-qunoot-dua-qunoot
dua-fragrances,Dua Fragrances,duas,dua fragrances,27100,,0.34,90333,informational,failed,2026-07-19T18:53:11.247Z,
dua-perfumes,Dua Perfumes,duas,dua perfumes,27100,,0.34,90333,informational,failed,2026-07-20T12:48:31.869Z,
nusuk-hajj,Nusuk Hajj,hajj,nusuk hajj,12100,9,6.32,86428,informational,failed,2026-07-20T12:53:08.047Z,
hajj-2026,Hajj 2026,hajj,hajj 2026,6600,3,3.14,82500,informational,failed,2026-07-20T12:55:37.412Z,
mass-unemployment-dua,Mass Unemployment Dua,duas,mass unemployment dua,14800,21,3.78,56923,informational,failed,2026-07-20T12:53:08.047Z,
sunnah-in-salah,Sunnah in Salah,sunnah,sunnah in salah,3600,2,,51428,informational,needs_review,2026-07-07T17:12:27.233Z,/sunnah/sunnah-in-salah
dua-for-travel-arabic-transliteration-meaning,"Dua For Travel: Arabic, Transliteration & Meaning",duas,dua for travel,14800,,1.62,49333,informational,failed,2026-07-20T12:55:37.412Z,
dua-of-traveling,Dua of Traveling,duas,dua of traveling,14800,,0.2,49333,informational,failed,2026-07-20T12:59:51.831Z,
hadith,Hadith,hadith,hadith,18100,32,4.09,48918,informational,needs_review,2026-07-07T17:08:53.752Z,/hadith/hadith
salat-al-sunnah,Salat Al Sunnah,sunnah,salat al sunnah,2900,1,,48333,informational,needs_review,2026-07-09T20:17:36.246Z,/sunnah/salat-al-sunnah
break-the-fast-dua,Break the Fast Dua,duas,break the fast dua,12100,,0.79,40333,informational,failed,2026-07-20T13:09:48.228Z,
forgiveness-dua,Forgiveness Dua,duas,forgiveness dua,5400,9,2.46,38571,informational,failed,2026-07-20T13:28:22.933Z,
sunnah,Sunnah,sunnah,sunnah,9900,26,6.46,31935,informational,needs_review,2026-07-10T09:29:39.700Z,/sunnah/sunnah
dua-brand,Dua Brand,duas,dua brand,8100,,0.38,27000,informational,failed,2026-07-20T13:32:52.359Z,
exams-dua,Exams Dua,duas,exams dua,8100,,,27000,informational,failed,2026-07-20T13:36:52.708Z,
define-hadith,Define Hadith,hadith,define hadith,4400,12,,25882,informational,published,2026-07-09T20:16:15.268Z,/hadith/define-hadith
dua-a-istikhara,Dua a Istikhara,duas,dua a istikhara,3600,9,1.71,25714,informational,failed,2026-07-20T13:50:18.184Z,
nusa-nusa-dua,Nusa Nusa Dua,duas,nusa nusa dua,3600,10,2.77,24000,informational,pending,,
dua-of-islam,Dua of Islam,duas,dua of islam,2900,8,3.48,22307,informational,pending,,
dua-to-breakfast,Dua to Breakfast,duas,dua to breakfast,6600,,,22000,informational,pending,,
dua-to-fast,Dua to Fast,duas,dua to fast,6600,,15.84,22000,informational,pending,,
hadith-definition,Hadith Definition,hadith,hadith definition,4400,15,,22000,informational,published,2026-07-10T09:28:26.763Z,/hadith/hadith-definition
40-hadith-an-nawawi,40 Hadith an Nawawi,hadith,40 hadith an nawawi,1300,1,0.37,21666,informational,needs_review,2026-07-13T09:18:29.663Z,/hadith/40-hadith-an-nawawi
hadith-meaning,Hadith Meaning,hadith,hadith meaning,4400,16,,20952,informational,failed,2026-07-19T18:53:11.247Z,
masjid-as-sunnah,Masjid As Sunnah,sunnah,masjid as sunnah,2900,11,13.14,18125,informational,published,2026-07-13T09:19:53.248Z,/sunnah/masjid-as-sunnah
hadith-al-bukhari,Hadith Al Bukhari,hadith,hadith al bukhari,5400,30,0.71,15428,informational,failed,2026-07-20T12:48:31.869Z,
al-zutt-hadith,Al Zutt Hadith,hadith,al zutt hadith,1300,5,,13000,informational,failed,2026-07-20T12:53:08.047Z,
sunnah-prayer,Sunnah Prayer,sunnah,sunnah prayer,2900,18,,12608,informational,failed,2026-07-19T18:53:11.247Z,
an-nawawi-40-hadith,An-nawawi 40 Hadith,hadith,an-nawawi 40 hadith,1300,7,0.37,10833,informational,failed,2026-07-20T12:55:37.412Z,
quran-with-hadith,Quran with Hadith,hadith,quran with hadith,590,1,7.73,9833,informational,failed,2026-07-20T12:59:51.831Z,
what-is-hadith-in-islam,What is Hadith in Islam,hadith,what is hadith in islam,1300,10,,8666,informational,failed,2026-07-20T13:09:48.228Z,
how-to-memorize-the-quran,How to Memorize the Quran,quran,how to memorize the quran,800,6,1.2,3500,informational,pending,,
benefits-of-surah-al-fatiha,Benefits of Surah Al-fatiha,quran,benefits of surah al-fatiha,800,6,1.2,3500,informational,pending,,
benefits-of-surah-al-baqarah,Benefits of Surah Al-baqarah,quran,benefits of surah al-baqarah,800,6,1.2,3500,informational,pending,,
benefits-of-ayat-al-kursi,Benefits of Ayat Al-kursi,quran,benefits of ayat al-kursi,800,6,1.2,3500,informational,pending,,
benefits-of-surah-al-ikhlas,Benefits of Surah Al-ikhlas,quran,benefits of surah al-ikhlas,800,6,1.2,3500,informational,pending,,
benefits-of-surah-al-falaq,Benefits of Surah Al-falaq,quran,benefits of surah al-falaq,800,6,1.2,3500,informational,pending,,
benefits-of-surah-an-nas,Benefits of Surah An-nas,quran,benefits of surah an-nas,800,6,1.2,3500,informational,pending,,
benefits-of-surah-yaseen,Benefits of Surah Yaseen,quran,benefits of surah yaseen,800,6,1.2,3500,informational,pending,,
benefits-of-surah-ar-rahman,Benefits of Surah Ar-rahman,quran,benefits of surah ar-rahman,800,6,1.2,3500,informational,pending,,
benefits-of-surah-al-waqiah,Benefits of Surah Al-waqiah,quran,benefits of surah al-waqiah,800,6,1.2,3500,informational,pending,,
benefits-of-surah-al-mulk,Benefits of Surah Al-mulk,quran,benefits of surah al-mulk,800,6,1.2,3500,informational,pending,,
benefits-of-surah-al-kahf,Benefits of Surah Al-kahf,quran,benefits of surah al-kahf,800,6,1.2,3500,informational,pending,,
benefits-of-surah-al-fath,Benefits of Surah Al-fath,quran,benefits of surah al-fath,800,6,1.2,3500,informational,pending,,
benefits-of-surah-al-hashr,Benefits of Surah Al-hashr,quran,benefits of surah al-hashr,800,6,1.2,3500,informational,pending,,
how-to-reflect-on-the-quran-tadabbur,How to Reflect on the Quran (tadabbur),quran,how to reflect on the quran (tadabbur),800,6,1.2,3500,informational,pending,,
the-30-juz-of-the-quran-explained,The 30 Juz of the Quran Explained,quran,the 30 juz of the quran explained,800,6,1.2,3500,informational,pending,,
the-miracle-of-quranic-preservation,The Miracle of Quranic Preservation,quran,the miracle of quranic preservation,800,6,1.2,3500,informational,pending,,
abrogation-naskh-in-the-quran,Abrogation (naskh) in the Quran,quran,abrogation (naskh) in the quran,800,6,1.2,3500,informational,pending,,
makki-and-madani-surahs,Makki and Madani Surahs,quran,makki and madani surahs,800,6,1.2,3500,informational,pending,,
the-seven-modes-of-qira-ah,The Seven Modes of Qira'ah,quran,the seven modes of qira'ah,800,6,1.2,3500,informational,pending,,
tafsir-schools-in-classical-islam,Tafsir Schools in Classical Islam,quran,tafsir schools in classical islam,800,6,1.2,3500,informational,pending,,
the-beauty-of-quranic-arabic,The Beauty of Quranic Arabic,quran,the beauty of quranic arabic,800,6,1.2,3500,informational,pending,,
quran-verses-about-patience,Quran Verses About Patience,quran,quran verses about patience,800,6,1.2,3500,informational,pending,,
quran-verses-about-death-and-afterlife,Quran Verses About Death and Afterlife,quran,quran verses about death and afterlife,800,6,1.2,3500,informational,pending,,
quran-verses-about-parents,Quran Verses About Parents,quran,quran verses about parents,800,6,1.2,3500,informational,pending,,
quran-verses-about-gratitude,Quran Verses About Gratitude,quran,quran verses about gratitude,800,6,1.2,3500,informational,pending,,
quran-verses-about-hardship,Quran Verses About Hardship,quran,quran verses about hardship,800,6,1.2,3500,informational,pending,,
quran-verses-about-repentance,Quran Verses About Repentance,quran,quran verses about repentance,800,6,1.2,3500,informational,pending,,
the-muqatta-at-letters,The Muqatta'at Letters,quran,the muqatta'at letters,800,6,1.2,3500,informational,pending,,
the-last-verse-revealed,The Last Verse Revealed,quran,the last verse revealed,800,6,1.2,3500,informational,pending,,
dua-for-entering-the-bathroom-arabic-transliteration-meaning,"Dua For Entering the Bathroom: Arabic, Transliteration & Meaning",duas,dua for entering the bathroom,300,5,0.5,3000,informational,pending,,
dua-for-leaving-the-bathroom-arabic-transliteration-meaning,"Dua For Leaving the Bathroom: Arabic, Transliteration & Meaning",duas,dua for leaving the bathroom,300,5,0.5,3000,informational,pending,,
dua-for-entering-the-home-arabic-transliteration-meaning,"Dua For Entering the Home: Arabic, Transliteration & Meaning",duas,dua for entering the home,300,5,0.5,3000,informational,pending,,
dua-for-leaving-the-home-arabic-transliteration-meaning,"Dua For Leaving the Home: Arabic, Transliteration & Meaning",duas,dua for leaving the home,300,5,0.5,3000,informational,pending,,
dua-for-entering-the-masjid-arabic-transliteration-meaning,"Dua For Entering the Masjid: Arabic, Transliteration & Meaning",duas,dua for entering the masjid,300,5,0.5,3000,informational,pending,,
dua-for-leaving-the-masjid-arabic-transliteration-meaning,"Dua For Leaving the Masjid: Arabic, Transliteration & Meaning",duas,dua for leaving the masjid,300,5,0.5,3000,informational,pending,,
dua-before-drinking-water,Dua Before Drinking Water,duas,dua before drinking water,300,5,0.5,3000,informational,pending,,
dua-after-drinking-water,Dua After Drinking Water,duas,dua after drinking water,300,5,0.5,3000,informational,pending,,
dua-before-wearing-clothes,Dua Before Wearing Clothes,duas,dua before wearing clothes,300,5,0.5,3000,informational,pending,,
dua-for-new-clothes-arabic-transliteration-meaning,"Dua For New Clothes: Arabic, Transliteration & Meaning",duas,dua for new clothes,300,5,0.5,3000,informational,pending,,
dua-for-looking-in-the-mirror-arabic-transliteration-meaning,"Dua For Looking in the Mirror: Arabic, Transliteration & Meaning",duas,dua for looking in the mirror,300,5,0.5,3000,informational,pending,,
dua-for-difficulty-arabic-transliteration-meaning,"Dua For Difficulty: Arabic, Transliteration & Meaning",duas,dua for difficulty,300,5,0.5,3000,informational,pending,,
dua-for-stress-and-depression-arabic-transliteration-meaning,"Dua For Stress and Depression: Arabic, Transliteration & Meaning",duas,dua for stress and depression,300,5,0.5,3000,informational,pending,,
dua-for-guidance-arabic-transliteration-meaning,"Dua For Guidance: Arabic, Transliteration & Meaning",duas,dua for guidance,300,5,0.5,3000,informational,pending,,
dua-for-knowledge-arabic-transliteration-meaning,"Dua For Knowledge: Arabic, Transliteration & Meaning",duas,dua for knowledge,300,5,0.5,3000,informational,pending,,
dua-for-rizq-arabic-transliteration-meaning,"Dua For Rizq: Arabic, Transliteration & Meaning",duas,dua for rizq,300,5,0.5,3000,informational,pending,,
dua-for-a-child-arabic-transliteration-meaning,"Dua For a Child: Arabic, Transliteration & Meaning",duas,dua for a child,300,5,0.5,3000,informational,pending,,
dua-for-the-deceased-arabic-transliteration-meaning,"Dua For the Deceased: Arabic, Transliteration & Meaning",duas,dua for the deceased,300,5,0.5,3000,informational,pending,,
dua-for-istikhara-arabic-transliteration-meaning,"Dua For Istikhara: Arabic, Transliteration & Meaning",duas,dua for istikhara,300,5,0.5,3000,informational,pending,,
dua-for-breaking-bad-habits-arabic-transliteration-meaning,"Dua For Breaking Bad Habits: Arabic, Transliteration & Meaning",duas,dua for breaking bad habits,300,5,0.5,3000,informational,pending,,
dua-for-husband-and-wife-arabic-transliteration-meaning,"Dua For Husband and Wife: Arabic, Transliteration & Meaning",duas,dua for husband and wife,300,5,0.5,3000,informational,pending,,
dua-for-safe-delivery-arabic-transliteration-meaning,"Dua For Safe Delivery: Arabic, Transliteration & Meaning",duas,dua for safe delivery,300,5,0.5,3000,informational,pending,,
dua-against-the-evil-eye,Dua Against the Evil Eye,duas,dua against the evil eye,300,5,0.5,3000,informational,pending,,
dua-against-shaytan,Dua Against Shaytan,duas,dua against shaytan,300,5,0.5,3000,informational,pending,,
dua-for-waking-from-a-bad-dream-arabic-transliteration-meaning,"Dua For Waking from a Bad Dream: Arabic, Transliteration & Meaning",duas,dua for waking from a bad dream,300,5,0.5,3000,informational,pending,,
the-sunnah-of-waking-up-how-the-prophet-did-it,The Sunnah of Waking Up: How the Prophet ﷺ Did It,sunnah,sunnah of waking up,200,3,0.3,2500,informational,failed,2026-07-20T12:48:31.869Z,
the-sunnah-of-sleeping-how-the-prophet-did-it,The Sunnah of Sleeping: How the Prophet ﷺ Did It,sunnah,sunnah of sleeping,200,3,0.3,2500,informational,failed,2026-07-20T12:53:08.047Z,
the-sunnah-of-eating-how-the-prophet-did-it,The Sunnah of Eating: How the Prophet ﷺ Did It,sunnah,sunnah of eating,200,3,0.3,2500,informational,failed,2026-07-20T12:55:37.412Z,
the-sunnah-of-drinking-how-the-prophet-did-it,The Sunnah of Drinking: How the Prophet ﷺ Did It,sunnah,sunnah of drinking,200,3,0.3,2500,informational,failed,2026-07-20T12:59:51.831Z,
the-sunnah-of-friday-how-the-prophet-did-it,The Sunnah of Friday: How the Prophet ﷺ Did It,sunnah,sunnah of friday,200,3,0.3,2500,informational,failed,2026-07-20T13:09:48.228Z,
the-sunnah-of-monday-and-thursday-fasting-how-the-prophet-did-it,The Sunnah of Monday and Thursday Fasting: How the Prophet ﷺ Did It,sunnah,sunnah of monday and thursday fasting,200,3,0.3,2500,informational,failed,2026-07-20T13:28:22.933Z,
the-sunnah-of-using-the-siwak-how-the-prophet-did-it,The Sunnah of Using the Siwak: How the Prophet ﷺ Did It,sunnah,sunnah of using the siwak,200,3,0.3,2500,informational,failed,2026-07-20T13:32:52.359Z,
the-sunnah-of-saying-salaam-how-the-prophet-did-it,The Sunnah of Saying Salaam: How the Prophet ﷺ Did It,sunnah,sunnah of saying salaam,200,3,0.3,2500,informational,failed,2026-07-20T13:36:52.708Z,
the-sunnah-of-entering-the-masjid-how-the-prophet-did-it,The Sunnah of Entering the Masjid: How the Prophet ﷺ Did It,sunnah,sunnah of entering the masjid,200,3,0.3,2500,informational,failed,2026-07-20T13:50:18.184Z,
the-sunnah-of-leaving-the-masjid-how-the-prophet-did-it,The Sunnah of Leaving the Masjid: How the Prophet ﷺ Did It,sunnah,sunnah of leaving the masjid,200,3,0.3,2500,informational,pending,,
the-sunnah-of-visiting-the-sick-how-the-prophet-did-it,The Sunnah of Visiting the Sick: How the Prophet ﷺ Did It,sunnah,sunnah of visiting the sick,200,3,0.3,2500,informational,pending,,
the-sunnah-of-shaking-hands-how-the-prophet-did-it,The Sunnah of Shaking Hands: How the Prophet ﷺ Did It,sunnah,sunnah of shaking hands,200,3,0.3,2500,informational,pending,,
the-sunnah-of-dyeing-hair-with-henna-how-the-prophet-did-it,The Sunnah of Dyeing Hair with Henna: How the Prophet ﷺ Did It,sunnah,sunnah of dyeing hair with henna,200,3,0.3,2500,informational,pending,,
the-sunnah-of-wearing-white-clothes-how-the-prophet-did-it,The Sunnah of Wearing White Clothes: How the Prophet ﷺ Did It,sunnah,sunnah of wearing white clothes,200,3,0.3,2500,informational,pending,,
the-sunnah-of-trimming-the-moustache-how-the-prophet-did-it,The Sunnah of Trimming the Moustache: How the Prophet ﷺ Did It,sunnah,sunnah of trimming the moustache,200,3,0.3,2500,informational,pending,,
the-sunnah-of-oiling-the-hair-how-the-prophet-did-it,The Sunnah of Oiling the Hair: How the Prophet ﷺ Did It,sunnah,sunnah of oiling the hair,200,3,0.3,2500,informational,pending,,
sunnah-acts-before-jumu-ah,Sunnah Acts Before Jumu'ah,sunnah,sunnah acts before jumu'ah,200,3,0.3,2500,informational,pending,,
sunnah-acts-on-eid-al-fitr,Sunnah Acts on Eid Al-fitr,sunnah,sunnah acts on eid al-fitr,200,3,0.3,2500,informational,pending,,
sunnah-acts-on-eid-al-adha,Sunnah Acts on Eid Al-adha,sunnah,sunnah acts on eid al-adha,200,3,0.3,2500,informational,pending,,
the-sunnah-of-gift-giving-how-the-prophet-did-it,The Sunnah of Gift-giving: How the Prophet ﷺ Did It,sunnah,sunnah of gift-giving,200,3,0.3,2500,informational,pending,,
the-sunnah-of-walking-with-humility-how-the-prophet-did-it,The Sunnah of Walking with Humility: How the Prophet ﷺ Did It,sunnah,sunnah of walking with humility,200,3,0.3,2500,informational,pending,,
the-sunnah-of-sitting-during-ablution-how-the-prophet-did-it,The Sunnah of Sitting During Ablution: How the Prophet ﷺ Did It,sunnah,sunnah of sitting during ablution,200,3,0.3,2500,informational,pending,,
the-sunnah-of-tahajjud-how-the-prophet-did-it,The Sunnah of Tahajjud: How the Prophet ﷺ Did It,sunnah,sunnah of tahajjud,200,3,0.3,2500,informational,pending,,
the-sunnah-of-ishraaq-prayer-how-the-prophet-did-it,The Sunnah of Ishraaq Prayer: How the Prophet ﷺ Did It,sunnah,sunnah of ishraaq prayer,200,3,0.3,2500,informational,pending,,
the-sunnah-of-duha-prayer-how-the-prophet-did-it,The Sunnah of Duha Prayer: How the Prophet ﷺ Did It,sunnah,sunnah of duha prayer,200,3,0.3,2500,informational,pending,,
the-sunnah-of-witr-prayer-how-the-prophet-did-it,The Sunnah of Witr Prayer: How the Prophet ﷺ Did It,sunnah,sunnah of witr prayer,200,3,0.3,2500,informational,pending,,
the-sunnah-of-qiyam-al-layl-how-the-prophet-did-it,The Sunnah of Qiyam Al-layl: How the Prophet ﷺ Did It,sunnah,sunnah of qiyam al-layl,200,3,0.3,2500,informational,pending,,
the-sunnah-of-eating-with-three-fingers-how-the-prophet-did-it,The Sunnah of Eating with Three Fingers: How the Prophet ﷺ Did It,sunnah,sunnah of eating with three fingers,200,3,0.3,2500,informational,pending,,
the-sunnah-of-eating-dates-before-iftar-how-the-prophet-did-it,The Sunnah of Eating Dates Before Iftar: How the Prophet ﷺ Did It,sunnah,sunnah of eating dates before iftar,200,3,0.3,2500,informational,pending,,
how-to-prepare-for-ramadan,How to Prepare for Ramadan,ramadan,how to prepare for ramadan,500,8,1.0,2500,informational,failed,2026-07-20T13:32:52.359Z,
the-last-10-nights-of-ramadan,The Last 10 Nights of Ramadan,ramadan,the last 10 nights of ramadan,500,8,1.0,2500,informational,failed,2026-07-20T13:36:52.708Z,
laylat-al-qadr-signs,Laylat Al-qadr Signs,ramadan,laylat al-qadr signs,500,8,1.0,2500,informational,failed,2026-07-20T13:50:18.184Z,
what-breaks-the-fast-in-ramadan,What Breaks the Fast in Ramadan,ramadan,what breaks the fast in ramadan,500,8,1.0,2500,informational,pending,,
niyyah-for-fasting-ramadan,Niyyah for Fasting Ramadan,ramadan,niyyah for fasting ramadan,500,8,1.0,2500,informational,pending,,
sahoor-sunnah-practices,Sahoor Sunnah Practices,ramadan,sahoor sunnah practices,500,8,1.0,2500,informational,pending,,
iftar-etiquette-in-islam,Iftar Etiquette in Islam,ramadan,iftar etiquette in islam,500,8,1.0,2500,informational,pending,,
i-tikaf-in-the-last-10-days,I'tikaf in the Last 10 Days,ramadan,i'tikaf in the last 10 days,500,8,1.0,2500,informational,pending,,
taraweeh-prayer-explained,Taraweeh Prayer Explained,ramadan,taraweeh prayer explained,500,8,1.0,2500,informational,pending,,
zakat-al-fitr-rules,Zakat Al-fitr Rules,ramadan,zakat al-fitr rules,500,8,1.0,2500,informational,pending,,
fasting-rules-for-travelers,Fasting Rules for Travelers,ramadan,fasting rules for travelers,500,8,1.0,2500,informational,pending,,
fasting-rules-for-the-sick,Fasting Rules for the Sick,ramadan,fasting rules for the sick,500,8,1.0,2500,informational,pending,,
fasting-rules-for-pregnant-women,Fasting Rules for Pregnant Women,ramadan,fasting rules for pregnant women,500,8,1.0,2500,informational,pending,,
fasting-rules-for-menstruating-women,Fasting Rules for Menstruating Women,ramadan,fasting rules for menstruating women,500,8,1.0,2500,informational,pending,,
making-up-missed-fasts,Making Up Missed Fasts,ramadan,making up missed fasts,500,8,1.0,2500,informational,pending,,
fidya-and-kaffara-explained,Fidya and Kaffara Explained,ramadan,fidya and kaffara explained,500,8,1.0,2500,informational,pending,,
what-to-do-on-the-last-day-of-ramadan,What to Do on the Last Day of Ramadan,ramadan,what to do on the last day of ramadan,500,8,1.0,2500,informational,pending,,
welcoming-ramadan-hadith,Welcoming Ramadan Hadith,ramadan,welcoming ramadan hadith,500,8,1.0,2500,informational,pending,,
ramadan-reflections-and-self-improvement,Ramadan Reflections and Self-improvement,ramadan,ramadan reflections and self-improvement,500,8,1.0,2500,informational,pending,,
how-to-read-the-whole-quran-in-ramadan,How to Read the Whole Quran in Ramadan,ramadan,how to read the whole quran in ramadan,500,8,1.0,2500,informational,pending,,
eid-al-fitr-sunnah-acts,Eid Al-fitr Sunnah Acts,ramadan,eid al-fitr sunnah acts,500,8,1.0,2500,informational,pending,,
sadaqah-during-ramadan,Sadaqah During Ramadan,ramadan,sadaqah during ramadan,500,8,1.0,2500,informational,pending,,
ramadan-for-new-muslims,Ramadan for New Muslims,ramadan,ramadan for new muslims,500,8,1.0,2500,informational,pending,,
ramadan-schedule-for-students,Ramadan Schedule for Students,ramadan,ramadan schedule for students,500,8,1.0,2500,informational,pending,,
ramadan-and-mental-health,Ramadan and Mental Health,ramadan,ramadan and mental health,500,8,1.0,2500,informational,pending,,
what-is-dawah-in-islam,What is Dawah in Islam,dawah,what is dawah in islam,500,8,25.0,2500,informational,needs_review,2026-07-07T17:14:45.497Z,/dawah/what-is-dawah-in-islam
the-wisdom-of-gradualism-in-dawah,The Wisdom of Gradualism in Dawah,dawah,the wisdom of gradualism in dawah,500,8,25.0,2500,informational,published,2026-07-09T20:18:31.253Z,/dawah/the-wisdom-of-gradualism-in-dawah
quranic-principles-of-dawah-16-125,Quranic Principles of Dawah (16:125),dawah,quranic principles of dawah (16:125),500,8,25.0,2500,informational,published,2026-07-10T09:30:38.591Z,/dawah/quranic-principles-of-dawah-16-125
dawah-methods-of-the-prophet-muhammad,Dawah Methods of the Prophet Muhammad,dawah,dawah methods of the prophet muhammad,500,8,25.0,2500,informational,published,2026-07-13T09:20:46.047Z,/dawah/dawah-methods-of-the-prophet-muhammad
the-story-of-khalid-ibn-al-walid-s-conversion,The Story of Khalid Ibn Al-walid's Conversion,dawah,the story of khalid ibn al-walid's conversion,500,8,25.0,2500,informational,failed,2026-07-19T18:53:11.247Z,
the-story-of-umar-ibn-al-khattab-s-conversion,The Story of Umar Ibn Al-khattab's Conversion,dawah,the story of umar ibn al-khattab's conversion,500,8,25.0,2500,informational,failed,2026-07-20T12:48:31.869Z,
how-the-prophet-did-dawah-in-makkah,How the Prophet Did Dawah in Makkah,dawah,how the prophet did dawah in makkah,500,8,25.0,2500,informational,failed,2026-07-20T12:53:08.047Z,
how-the-prophet-did-dawah-in-madinah,How the Prophet Did Dawah in Madinah,dawah,how the prophet did dawah in madinah,500,8,25.0,2500,informational,failed,2026-07-20T12:55:37.412Z,
the-etiquette-of-debating-in-islam,The Etiquette of Debating in Islam,dawah,the etiquette of debating in islam,500,8,25.0,2500,informational,failed,2026-07-20T12:59:51.831Z,
common-questions-non-muslims-ask-about-islam,Common Questions Non-muslims Ask About Islam,dawah,common questions non-muslims ask about islam,500,8,25.0,2500,informational,failed,2026-07-20T13:09:48.228Z,
explaining-tawhid-to-non-muslims,Explaining Tawhid to Non-muslims,dawah,explaining tawhid to non-muslims,500,8,25.0,2500,informational,failed,2026-07-20T13:28:22.933Z,
explaining-prayer-to-non-muslims,Explaining Prayer to Non-muslims,dawah,explaining prayer to non-muslims,500,8,25.0,2500,informational,failed,2026-07-20T13:32:52.359Z,
explaining-ramadan-to-non-muslims,Explaining Ramadan to Non-muslims,dawah,explaining ramadan to non-muslims,500,8,25.0,2500,informational,failed,2026-07-20T13:36:52.708Z,
explaining-hijab-to-non-muslims,Explaining Hijab to Non-muslims,dawah,explaining hijab to non-muslims,500,8,25.0,2500,informational,failed,2026-07-20T13:50:18.184Z,
explaining-prophethood-to-non-muslims,Explaining Prophethood to Non-muslims,dawah,explaining prophethood to non-muslims,500,8,25.0,2500,informational,pending,,
explaining-the-quran-to-non-muslims,Explaining the Quran to Non-muslims,dawah,explaining the quran to non-muslims,500,8,25.0,2500,informational,pending,,
dawah-to-atheists-a-starting-point,Dawah to Atheists — a Starting Point,dawah,dawah to atheists — a starting point,500,8,25.0,2500,informational,pending,,
dawah-to-christians-common-ground-and-differences,Dawah to Christians — Common Ground and Differences,dawah,dawah to christians — common ground and differences,500,8,25.0,2500,informational,pending,,
dawah-to-jews-common-ground-and-differences,Dawah to Jews — Common Ground and Differences,dawah,dawah to jews — common ground and differences,500,8,25.0,2500,informational,pending,,
dawah-to-hindus-and-polytheists,Dawah to Hindus and Polytheists,dawah,dawah to hindus and polytheists,500,8,25.0,2500,informational,pending,,
how-to-answer-misconceptions-about-islam,How to Answer Misconceptions About Islam,dawah,how to answer misconceptions about islam,500,8,25.0,2500,informational,pending,,
the-beauty-of-islamic-ethics,The Beauty of Islamic Ethics,dawah,the beauty of islamic ethics,500,8,25.0,2500,informational,pending,,
the-golden-rule-in-islam,The Golden Rule in Islam,dawah,the golden rule in islam,500,8,25.0,2500,informational,pending,,
the-concept-of-mercy-in-islam,The Concept of Mercy in Islam,dawah,the concept of mercy in islam,500,8,25.0,2500,informational,pending,,
the-concept-of-justice-in-islam,The Concept of Justice in Islam,dawah,the concept of justice in islam,500,8,25.0,2500,informational,pending,,
science-and-islam-a-brief-overview,Science and Islam — a Brief Overview,dawah,science and islam — a brief overview,500,8,25.0,2500,informational,pending,,
islam-and-human-rights,Islam and Human Rights,dawah,islam and human rights,500,8,25.0,2500,informational,pending,,
islam-and-women-s-rights,Islam and Women's Rights,dawah,islam and women's rights,500,8,25.0,2500,informational,pending,,
how-to-give-dawah-at-work,How to Give Dawah At Work,dawah,how to give dawah at work,500,8,25.0,2500,informational,pending,,
how-to-give-dawah-on-social-media,How to Give Dawah on Social Media,dawah,how to give dawah on social media,500,8,25.0,2500,informational,pending,,
how-to-give-dawah-to-family-members,How to Give Dawah to Family Members,dawah,how to give dawah to family members,500,8,25.0,2500,informational,pending,,
how-to-give-dawah-with-wisdom-and-patience,How to Give Dawah with Wisdom and Patience,dawah,how to give dawah with wisdom and patience,500,8,25.0,2500,informational,pending,,
dawah-through-good-character-akhlaq,Dawah Through Good Character (akhlaq),dawah,dawah through good character (akhlaq),500,8,25.0,2500,informational,pending,,
recommended-dawah-resources-for-beginners,Recommended Dawah Resources for Beginners,dawah,recommended dawah resources for beginners,500,8,25.0,2500,informational,pending,,
the-role-of-masjids-in-dawah,The Role of Masjids in Dawah,dawah,the role of masjids in dawah,500,8,25.0,2500,informational,pending,,
the-story-of-prophet-yunus-and-his-people,The Story of Prophet Yunus and His People,dawah,the story of prophet yunus and his people,500,8,25.0,2500,informational,pending,,
the-story-of-prophet-nuh-and-his-people,The Story of Prophet Nuh and His People,dawah,the story of prophet nuh and his people,500,8,25.0,2500,informational,pending,,
the-story-of-prophet-ibrahim-s-dawah-to-his-father,The Story of Prophet Ibrahim's Dawah to His Father,dawah,the story of prophet ibrahim's dawah to his father,500,8,25.0,2500,informational,pending,,
the-story-of-prophet-musa-s-dawah-to-pharaoh,The Story of Prophet Musa's Dawah to Pharaoh,dawah,the story of prophet musa's dawah to pharaoh,500,8,25.0,2500,informational,pending,,
the-story-of-prophet-isa-s-dawah-to-bani-israel,The Story of Prophet Isa's Dawah to Bani Israel,dawah,the story of prophet isa's dawah to bani israel,500,8,25.0,2500,informational,pending,,
the-sahaba-who-were-early-dawah-workers,The Sahaba Who Were Early Dawah Workers,dawah,the sahaba who were early dawah workers,500,8,25.0,2500,informational,pending,,
the-prophet-s-letter-to-heraclius,The Prophet's Letter to Heraclius,dawah,the prophet's letter to heraclius,500,8,25.0,2500,informational,pending,,
the-prophet-s-letter-to-the-ruler-of-persia,The Prophet's Letter to the Ruler of Persia,dawah,the prophet's letter to the ruler of persia,500,8,25.0,2500,informational,pending,,
the-prophet-s-letter-to-the-negus-of-abyssinia,The Prophet's Letter to the Negus of Abyssinia,dawah,the prophet's letter to the negus of abyssinia,500,8,25.0,2500,informational,pending,,
the-dawah-journey-to-at-taif,The Dawah Journey to At-taif,dawah,the dawah journey to at-taif,500,8,25.0,2500,informational,pending,,
how-to-become-a-new-muslim-the-shahada,How to Become a New Muslim: the Shahada,dawah,how to become a new muslim: the shahada,500,8,25.0,2500,informational,pending,,
islam-vs-iman-vs-ihsan-explained-simply,Islam Vs Iman Vs Ihsan Explained Simply,dawah,islam vs iman vs ihsan explained simply,500,8,25.0,2500,informational,pending,,
the-five-pillars-of-islam-explained,The Five Pillars of Islam Explained,dawah,the five pillars of islam explained,500,8,25.0,2500,informational,pending,,
the-six-pillars-of-iman-explained,The Six Pillars of Iman Explained,dawah,the six pillars of iman explained,500,8,25.0,2500,informational,pending,,
common-myths-about-jihad,Common Myths About Jihad,dawah,common myths about jihad,500,8,25.0,2500,informational,pending,,
explaining-the-concept-of-jannah,Explaining the Concept of Jannah,dawah,explaining the concept of jannah,500,8,25.0,2500,informational,pending,,
step-by-step-hajj-guide,Step-by-step Hajj Guide,hajj,step-by-step hajj guide,400,8,3.0,2200,informational,failed,2026-07-20T12:59:51.831Z,
umrah-step-by-step,Umrah Step By Step,hajj,umrah step by step,400,8,3.0,2200,informational,failed,2026-07-20T13:09:48.228Z,
the-difference-between-hajj-and-umrah,The Difference Between Hajj and Umrah,hajj,the difference between hajj and umrah,400,8,3.0,2200,informational,failed,2026-07-20T13:28:22.933Z,
ihram-rules-and-prohibitions,Ihram Rules and Prohibitions,hajj,ihram rules and prohibitions,400,8,3.0,2200,informational,failed,2026-07-20T13:32:52.359Z,
how-to-perform-tawaf,How to Perform Tawaf,hajj,how to perform tawaf,400,8,3.0,2200,informational,failed,2026-07-20T13:36:52.708Z,
how-to-perform-sa-i-between-safa-and-marwa,How to Perform Sa'i Between Safa and Marwa,hajj,how to perform sa'i between safa and marwa,400,8,3.0,2200,informational,failed,2026-07-20T13:50:18.184Z,
day-of-arafah-significance,Day of Arafah Significance,hajj,day of arafah significance,400,8,3.0,2200,informational,pending,,
muzdalifah-night-explained,Muzdalifah Night Explained,hajj,muzdalifah night explained,400,8,3.0,2200,informational,pending,,
stoning-the-jamarat-rituals,Stoning the Jamarat Rituals,hajj,stoning the jamarat rituals,400,8,3.0,2200,informational,pending,,
sacrifice-on-eid-al-adha-qurbani,Sacrifice on Eid Al-adha (qurbani),hajj,sacrifice on eid al-adha (qurbani),400,8,3.0,2200,informational,pending,,
shaving-or-cutting-hair-after-hajj,Shaving or Cutting Hair After Hajj,hajj,shaving or cutting hair after hajj,400,8,3.0,2200,informational,pending,,
types-of-hajj-ifrad-qiran-tamattu,"Types of Hajj: Ifrad, Qiran, Tamattu",hajj,"types of hajj: ifrad, qiran, tamattu",400,8,3.0,2200,informational,pending,,
the-significance-of-the-kaaba,The Significance of the Kaaba,hajj,the significance of the kaaba,400,8,3.0,2200,informational,pending,,
the-black-stone-hajar-al-aswad,The Black Stone Hajar Al-aswad,hajj,the black stone hajar al-aswad,400,8,3.0,2200,informational,pending,,
the-well-of-zamzam-story,The Well of Zamzam Story,hajj,the well of zamzam story,400,8,3.0,2200,informational,pending,,
duas-to-make-during-hajj,Duas to Make During Hajj,hajj,duas to make during hajj,400,8,3.0,2200,informational,pending,,
duas-at-the-multazam,Duas At the Multazam,hajj,duas at the multazam,400,8,3.0,2200,informational,pending,,
duas-at-maqam-ibrahim,Duas At Maqam Ibrahim,hajj,duas at maqam ibrahim,400,8,3.0,2200,informational,pending,,
duas-at-arafah,Duas At Arafah,hajj,duas at arafah,400,8,3.0,2200,informational,pending,,
the-farewell-hajj-of-the-prophet,The Farewell Hajj of the Prophet,hajj,the farewell hajj of the prophet,400,8,3.0,2200,informational,pending,,
hajj-for-women-special-rulings,Hajj for Women — Special Rulings,hajj,hajj for women — special rulings,400,8,3.0,2200,informational,pending,,
common-mistakes-during-hajj,Common Mistakes During Hajj,hajj,common mistakes during hajj,400,8,3.0,2200,informational,pending,,
financial-rulings-for-hajj,Financial Rulings for Hajj,hajj,financial rulings for hajj,400,8,3.0,2200,informational,pending,,
hajj-badal-on-behalf-of-another,Hajj Badal (on Behalf of Another),hajj,hajj badal (on behalf of another),400,8,3.0,2200,informational,pending,,
visiting-the-prophet-s-mosque-after-hajj,Visiting the Prophet's Mosque After Hajj,hajj,visiting the prophet's mosque after hajj,400,8,3.0,2200,informational,pending,,
hadith-on-smiling-authentic-narrations-explained,Hadith on Smiling: Authentic Narrations Explained,hadith,hadith about smiling,200,5,0.3,2000,informational,failed,2026-07-20T13:28:22.933Z,
hadith-on-cleanliness-authentic-narrations-explained,Hadith on Cleanliness: Authentic Narrations Explained,hadith,hadith about cleanliness,200,5,0.3,2000,informational,failed,2026-07-20T13:32:52.359Z,
hadith-on-neighbors-authentic-narrations-explained,Hadith on Neighbors: Authentic Narrations Explained,hadith,hadith about neighbors,200,5,0.3,2000,informational,failed,2026-07-20T13:36:52.708Z,
hadith-on-lying-authentic-narrations-explained,Hadith on Lying: Authentic Narrations Explained,hadith,hadith about lying,200,5,0.3,2000,informational,failed,2026-07-20T13:50:18.184Z,
hadith-on-anger-authentic-narrations-explained,Hadith on Anger: Authentic Narrations Explained,hadith,hadith about anger,200,5,0.3,2000,informational,pending,,
hadith-on-backbiting-authentic-narrations-explained,Hadith on Backbiting: Authentic Narrations Explained,hadith,hadith about backbiting,200,5,0.3,2000,informational,pending,,
hadith-on-brotherhood-authentic-narrations-explained,Hadith on Brotherhood: Authentic Narrations Explained,hadith,hadith about brotherhood,200,5,0.3,2000,informational,pending,,
hadith-on-wealth-and-gratitude-authentic-narrations-explained,Hadith on Wealth and Gratitude: Authentic Narrations Explained,hadith,hadith about wealth and gratitude,200,5,0.3,2000,informational,pending,,
hadith-on-seeking-knowledge-authentic-narrations-explained,Hadith on Seeking Knowledge: Authentic Narrations Explained,hadith,hadith about seeking knowledge,200,5,0.3,2000,informational,pending,,
hadith-on-death-authentic-narrations-explained,Hadith on Death: Authentic Narrations Explained,hadith,hadith about death,200,5,0.3,2000,informational,pending,,
hadith-on-jannah-authentic-narrations-explained,Hadith on Jannah: Authentic Narrations Explained,hadith,hadith about jannah,200,5,0.3,2000,informational,pending,,
hadith-on-jahannam-authentic-narrations-explained,Hadith on Jahannam: Authentic Narrations Explained,hadith,hadith about jahannam,200,5,0.3,2000,informational,pending,,
hadith-on-salah-authentic-narrations-explained,Hadith on Salah: Authentic Narrations Explained,hadith,hadith about salah,200,5,0.3,2000,informational,pending,,
hadith-on-the-heart-authentic-narrations-explained,Hadith on The Heart: Authentic Narrations Explained,hadith,hadith about the heart,200,5,0.3,2000,informational,pending,,
the-year-of-the-elephant-the-year-the-prophet-was-born,The Year of the Elephant: The Year the Prophet ﷺ Was Born,sirah,year of the elephant,200,10,0.5,1300,informational,failed,2026-07-20T12:48:31.869Z,
birth-of-the-prophet-muhammad-date-lineage-signs,"Birth of the Prophet Muhammad ﷺ: Date, Lineage & Signs",sirah,birth of prophet muhammad,200,10,0.5,1300,informational,failed,2026-07-20T12:53:08.047Z,
the-prophet-s-childhood-with-halimah-as-sa-diyyah,The Prophet's ﷺ Childhood with Halimah As-Sa'diyyah,sirah,halimah saadiyyah prophet muhammad,200,10,0.5,1300,informational,failed,2026-07-20T12:55:37.412Z,
splitting-of-the-chest-the-miraculous-purification-of-the-young-prophet,Splitting of the Chest: The Miraculous Purification of the Young Prophet ﷺ,sirah,splitting of the chest prophet,200,10,0.5,1300,informational,failed,2026-07-20T12:59:51.831Z,
the-death-of-aminah-the-prophet-becomes-an-orphan,The Death of Aminah: The Prophet ﷺ Becomes an Orphan,sirah,death of aminah mother of prophet,200,10,0.5,1300,informational,failed,2026-07-20T13:09:48.228Z,
the-prophet-under-the-care-of-abdul-muttalib-and-abu-talib,The Prophet ﷺ Under the Care of Abdul-Muttalib and Abu Talib,sirah,abdul muttalib abu talib prophet,200,10,0.5,1300,informational,failed,2026-07-20T13:28:22.933Z,
bahira-the-monk-the-sign-of-prophethood-foretold,Bahira the Monk: The Sign of Prophethood Foretold,sirah,bahira monk prophet muhammad,200,10,0.5,1300,informational,failed,2026-07-20T13:32:52.359Z,
the-sacrilegious-war-harb-al-fijar-the-prophet-as-a-young-man,The Sacrilegious War (Harb al-Fijar): The Prophet ﷺ as a Young Man,sirah,harb al fijar fijar war,200,10,0.5,1300,informational,failed,2026-07-20T13:36:52.708Z,
the-pact-of-fudul-justice-before-prophethood,The Pact of Fudul: Justice Before Prophethood,sirah,hilf al fudul pact of virtuous,200,10,0.5,1300,informational,failed,2026-07-20T13:50:18.184Z,
marriage-to-khadijah-ra-the-first-love-of-the-prophet,Marriage to Khadijah (RA): The First Love of the Prophet ﷺ,sirah,marriage of prophet muhammad with khadija,200,10,0.5,1300,informational,pending,,
rebuilding-the-ka-bah-the-wisdom-of-the-black-stone,Rebuilding the Ka'bah: The Wisdom of the Black Stone,sirah,rebuilding kaaba black stone,200,10,0.5,1300,informational,pending,,
retreat-to-the-cave-of-hira-the-months-before-revelation,Retreat to the Cave of Hira: The Months Before Revelation,sirah,cave of hira prophet muhammad,200,10,0.5,1300,informational,pending,,
the-first-revelation-iqra-in-the-cave-of-hira,The First Revelation: Iqra in the Cave of Hira,sirah,first revelation of quran,200,10,0.5,1300,informational,pending,,
khadijah-believes-the-first-muslim,Khadijah Believes: The First Muslim,sirah,first muslim khadijah,200,10,0.5,1300,informational,pending,,
the-open-call-the-prophet-on-mount-safa,The Open Call: The Prophet ﷺ on Mount Safa,sirah,prophet muhammad mount safa,200,10,0.5,1300,informational,pending,,
persecution-of-the-early-muslims-bilal-sumayyah-and-the-tortured-believers,"Persecution of the Early Muslims: Bilal, Sumayyah and the Tortured Believers",sirah,persecution of early muslims,200,10,0.5,1300,informational,pending,,
migration-to-abyssinia-the-first-hijrah,Migration to Abyssinia: The First Hijrah,sirah,first migration to abyssinia,200,10,0.5,1300,informational,pending,,
the-boycott-of-banu-hashim-three-years-of-hunger,The Boycott of Banu Hashim: Three Years of Hunger,sirah,boycott of banu hashim,200,10,0.5,1300,informational,pending,,
the-year-of-sorrow-loss-of-khadijah-and-abu-talib,The Year of Sorrow: Loss of Khadijah and Abu Talib,sirah,year of sorrow prophet muhammad,200,10,0.5,1300,informational,pending,,
the-journey-to-ta-if-the-hardest-day,The Journey to Ta'if: The Hardest Day,sirah,prophet muhammad journey to taif,200,10,0.5,1300,informational,pending,,
isra-and-mi-raj-the-night-journey-and-ascension,Isra and Mi'raj: The Night Journey and Ascension,sirah,isra and miraj,200,10,0.5,1300,informational,pending,,
the-pledges-of-aqabah-yathrib-embraces-islam,The Pledges of Aqabah: Yathrib Embraces Islam,sirah,pledge of aqabah,200,10,0.5,1300,informational,pending,,
the-hijrah-to-madinah-year-one-of-the-islamic-calendar,The Hijrah to Madinah: Year One of the Islamic Calendar,sirah,hijra to medina,200,10,0.5,1300,informational,pending,,
building-the-prophet-s-mosque-masjid-an-nabawi,Building the Prophet's Mosque (Masjid an-Nabawi),sirah,building of masjid nabawi,200,10,0.5,1300,informational,pending,,
the-constitution-of-medina-a-foundational-pact,The Constitution of Medina: A Foundational Pact,sirah,constitution of medina,200,10,0.5,1300,informational,pending,,
the-battle-of-badr-islam-s-first-decisive-victory,The Battle of Badr: Islam's First Decisive Victory,sirah,battle of badr,200,10,0.5,1300,informational,pending,,
the-battle-of-uhud-lessons-in-patience-and-obedience,The Battle of Uhud: Lessons in Patience and Obedience,sirah,battle of uhud,200,10,0.5,1300,informational,pending,,
the-battle-of-the-trench-khandaq-a-city-under-siege,The Battle of the Trench (Khandaq): A City Under Siege,sirah,battle of trench khandaq,200,10,0.5,1300,informational,pending,,
the-treaty-of-hudaybiyyah-the-victory-that-looked-like-a-loss,The Treaty of Hudaybiyyah: The Victory That Looked Like a Loss,sirah,treaty of hudaybiyyah,200,10,0.5,1300,informational,pending,,
the-conquest-of-mecca-a-bloodless-return-home,The Conquest of Mecca: A Bloodless Return Home,sirah,conquest of mecca,200,10,0.5,1300,informational,pending,,
the-farewell-sermon-the-final-address-of-the-prophet,The Farewell Sermon: The Final Address of the Prophet ﷺ,sirah,the final sermon of the prophet muhammad,200,10,0.5,1300,informational,pending,,
the-death-of-the-prophet-muhammad,The Death of the Prophet Muhammad ﷺ,sirah,death of prophet muhammad,200,10,0.5,1300,informational,pending,,
ar-rahman-the-most-compassionate,Ar-Rahman: The Most Compassionate — Name 1 of Allah,names-of-allah,ar-rahman meaning,50,5,0.3,800,informational,needs_review,2026-07-07T17:09:44.782Z,/names-of-allah/ar-rahman-the-most-compassionate
ar-rahim-the-most-merciful,Ar-Rahim: The Most Merciful — Name 2 of Allah,names-of-allah,ar-rahim meaning,50,5,0.3,800,informational,published,2026-07-09T20:16:39.280Z,/names-of-allah/ar-rahim-the-most-merciful
al-malik-the-king,Al-Malik: The King — Name 3 of Allah,names-of-allah,al-malik meaning,50,5,0.3,800,informational,published,2026-07-10T09:28:46.159Z,/names-of-allah/al-malik-the-king
al-quddus-the-most-holy,Al-Quddus: The Most Holy — Name 4 of Allah,names-of-allah,al-quddus meaning,50,5,0.3,800,informational,needs_review,2026-07-13T09:18:50.992Z,/names-of-allah/al-quddus-the-most-holy
as-salam-the-source-of-peace,As-Salam: The Source of Peace — Name 5 of Allah,names-of-allah,as-salam meaning,50,5,0.3,800,informational,failed,2026-07-19T18:53:11.247Z,
al-mu-min-the-granter-of-security,Al-Mu'min: The Granter of Security — Name 6 of Allah,names-of-allah,al-mu'min meaning,50,5,0.3,800,informational,failed,2026-07-20T12:48:31.869Z,
al-muhaymin-the-guardian,Al-Muhaymin: The Guardian — Name 7 of Allah,names-of-allah,al-muhaymin meaning,50,5,0.3,800,informational,failed,2026-07-20T12:53:08.047Z,
al-aziz-the-almighty,Al-Aziz: The Almighty — Name 8 of Allah,names-of-allah,al-aziz meaning,50,5,0.3,800,informational,failed,2026-07-20T12:55:37.412Z,
al-jabbar-the-compeller,Al-Jabbar: The Compeller — Name 9 of Allah,names-of-allah,al-jabbar meaning,50,5,0.3,800,informational,failed,2026-07-20T12:59:51.831Z,
al-mutakabbir-the-supreme,Al-Mutakabbir: The Supreme — Name 10 of Allah,names-of-allah,al-mutakabbir meaning,50,5,0.3,800,informational,failed,2026-07-20T13:09:48.228Z,
al-khaliq-the-creator,Al-Khaliq: The Creator — Name 11 of Allah,names-of-allah,al-khaliq meaning,50,5,0.3,800,informational,failed,2026-07-20T13:28:22.933Z,
al-bari-the-originator,Al-Bari: The Originator — Name 12 of Allah,names-of-allah,al-bari meaning,50,5,0.3,800,informational,failed,2026-07-20T13:32:52.359Z,
al-musawwir-the-fashioner,Al-Musawwir: The Fashioner — Name 13 of Allah,names-of-allah,al-musawwir meaning,50,5,0.3,800,informational,failed,2026-07-20T13:36:52.708Z,
al-ghaffar-the-repeatedly-forgiving,Al-Ghaffar: The Repeatedly Forgiving — Name 14 of Allah,names-of-allah,al-ghaffar meaning,50,5,0.3,800,informational,failed,2026-07-20T13:50:18.184Z,
al-qahhar-the-subduer,Al-Qahhar: The Subduer — Name 15 of Allah,names-of-allah,al-qahhar meaning,50,5,0.3,800,informational,pending,,
al-wahhab-the-bestower,Al-Wahhab: The Bestower — Name 16 of Allah,names-of-allah,al-wahhab meaning,50,5,0.3,800,informational,pending,,
ar-razzaq-the-provider,Ar-Razzaq: The Provider — Name 17 of Allah,names-of-allah,ar-razzaq meaning,50,5,0.3,800,informational,pending,,
al-fattah-the-opener,Al-Fattah: The Opener — Name 18 of Allah,names-of-allah,al-fattah meaning,50,5,0.3,800,informational,pending,,
al-alim-the-all-knowing,Al-Alim: The All-Knowing — Name 19 of Allah,names-of-allah,al-alim meaning,50,5,0.3,800,informational,pending,,
al-qabid-the-withholder,Al-Qabid: The Withholder — Name 20 of Allah,names-of-allah,al-qabid meaning,50,5,0.3,800,informational,pending,,
al-basit-the-extender,Al-Basit: The Extender — Name 21 of Allah,names-of-allah,al-basit meaning,50,5,0.3,800,informational,pending,,
al-khafid-the-reducer,Al-Khafid: The Reducer — Name 22 of Allah,names-of-allah,al-khafid meaning,50,5,0.3,800,informational,pending,,
ar-rafi-the-exalter,Ar-Rafi: The Exalter — Name 23 of Allah,names-of-allah,ar-rafi meaning,50,5,0.3,800,informational,pending,,
al-muizz-the-bestower-of-honour,Al-Muizz: The Bestower of Honour — Name 24 of Allah,names-of-allah,al-muizz meaning,50,5,0.3,800,informational,pending,,
al-mudhill-the-humiliator,Al-Mudhill: The Humiliator — Name 25 of Allah,names-of-allah,al-mudhill meaning,50,5,0.3,800,informational,pending,,
as-sami-the-all-hearing,As-Sami: The All-Hearing — Name 26 of Allah,names-of-allah,as-sami meaning,50,5,0.3,800,informational,pending,,
al-basir-the-all-seeing,Al-Basir: The All-Seeing — Name 27 of Allah,names-of-allah,al-basir meaning,50,5,0.3,800,informational,pending,,
al-hakam-the-judge,Al-Hakam: The Judge — Name 28 of Allah,names-of-allah,al-hakam meaning,50,5,0.3,800,informational,pending,,
al-adl-the-utterly-just,Al-Adl: The Utterly Just — Name 29 of Allah,names-of-allah,al-adl meaning,50,5,0.3,800,informational,pending,,
al-latif-the-subtle,Al-Latif: The Subtle — Name 30 of Allah,names-of-allah,al-latif meaning,50,5,0.3,800,informational,pending,,
al-khabir-the-all-aware,Al-Khabir: The All-Aware — Name 31 of Allah,names-of-allah,al-khabir meaning,50,5,0.3,800,informational,pending,,
al-halim-the-most-forbearing,Al-Halim: The Most Forbearing — Name 32 of Allah,names-of-allah,al-halim meaning,50,5,0.3,800,informational,pending,,
al-azim-the-magnificent,Al-Azim: The Magnificent — Name 33 of Allah,names-of-allah,al-azim meaning,50,5,0.3,800,informational,pending,,
al-ghafur-the-all-forgiving,Al-Ghafur: The All-Forgiving — Name 34 of Allah,names-of-allah,al-ghafur meaning,50,5,0.3,800,informational,pending,,
ash-shakur-the-most-appreciative,Ash-Shakur: The Most Appreciative — Name 35 of Allah,names-of-allah,ash-shakur meaning,50,5,0.3,800,informational,pending,,
al-aliyy-the-most-high,Al-Aliyy: The Most High — Name 36 of Allah,names-of-allah,al-aliyy meaning,50,5,0.3,800,informational,pending,,
al-kabir-the-most-great,Al-Kabir: The Most Great — Name 37 of Allah,names-of-allah,al-kabir meaning,50,5,0.3,800,informational,pending,,
al-hafiz-the-preserver,Al-Hafiz: The Preserver — Name 38 of Allah,names-of-allah,al-hafiz meaning,50,5,0.3,800,informational,pending,,
al-muqit-the-sustainer,Al-Muqit: The Sustainer — Name 39 of Allah,names-of-allah,al-muqit meaning,50,5,0.3,800,informational,pending,,
al-hasib-the-reckoner,Al-Hasib: The Reckoner — Name 40 of Allah,names-of-allah,al-hasib meaning,50,5,0.3,800,informational,pending,,
al-jalil-the-majestic,Al-Jalil: The Majestic — Name 41 of Allah,names-of-allah,al-jalil meaning,50,5,0.3,800,informational,pending,,
al-karim-the-generous,Al-Karim: The Generous — Name 42 of Allah,names-of-allah,al-karim meaning,50,5,0.3,800,informational,pending,,
ar-raqib-the-watchful,Ar-Raqib: The Watchful — Name 43 of Allah,names-of-allah,ar-raqib meaning,50,5,0.3,800,informational,pending,,
al-mujib-the-responsive,Al-Mujib: The Responsive — Name 44 of Allah,names-of-allah,al-mujib meaning,50,5,0.3,800,informational,pending,,
al-wasi-the-vast,Al-Wasi: The Vast — Name 45 of Allah,names-of-allah,al-wasi meaning,50,5,0.3,800,informational,pending,,
al-hakim-the-wise,Al-Hakim: The Wise — Name 46 of Allah,names-of-allah,al-hakim meaning,50,5,0.3,800,informational,pending,,
al-wadud-the-loving,Al-Wadud: The Loving — Name 47 of Allah,names-of-allah,al-wadud meaning,50,5,0.3,800,informational,pending,,
al-majid-the-glorious,Al-Majid: The Glorious — Name 48 of Allah,names-of-allah,al-majid meaning,50,5,0.3,800,informational,pending,,
al-ba-ith-the-resurrector,Al-Ba'ith: The Resurrector — Name 49 of Allah,names-of-allah,al-ba'ith meaning,50,5,0.3,800,informational,pending,,
ash-shahid-the-witness,Ash-Shahid: The Witness — Name 50 of Allah,names-of-allah,ash-shahid meaning,50,5,0.3,800,informational,pending,,
al-haqq-the-truth,Al-Haqq: The Truth — Name 51 of Allah,names-of-allah,al-haqq meaning,50,5,0.3,800,informational,pending,,
al-wakil-the-trustee,Al-Wakil: The Trustee — Name 52 of Allah,names-of-allah,al-wakil meaning,50,5,0.3,800,informational,pending,,
al-qawiyy-the-strong,Al-Qawiyy: The Strong — Name 53 of Allah,names-of-allah,al-qawiyy meaning,50,5,0.3,800,informational,pending,,
al-matin-the-firm,Al-Matin: The Firm — Name 54 of Allah,names-of-allah,al-matin meaning,50,5,0.3,800,informational,pending,,
al-waliyy-the-friend-protector,Al-Waliyy: The Friend & Protector — Name 55 of Allah,names-of-allah,al-waliyy meaning,50,5,0.3,800,informational,pending,,
al-hamid-the-praiseworthy,Al-Hamid: The Praiseworthy — Name 56 of Allah,names-of-allah,al-hamid meaning,50,5,0.3,800,informational,pending,,
al-muhsi-the-counter,Al-Muhsi: The Counter — Name 57 of Allah,names-of-allah,al-muhsi meaning,50,5,0.3,800,informational,pending,,
al-mubdi-the-originator,Al-Mubdi: The Originator — Name 58 of Allah,names-of-allah,al-mubdi meaning,50,5,0.3,800,informational,pending,,
al-mu-id-the-restorer,Al-Mu'id: The Restorer — Name 59 of Allah,names-of-allah,al-mu'id meaning,50,5,0.3,800,informational,pending,,
al-muhyi-the-giver-of-life,Al-Muhyi: The Giver of Life — Name 60 of Allah,names-of-allah,al-muhyi meaning,50,5,0.3,800,informational,pending,,
al-mumit-the-bringer-of-death,Al-Mumit: The Bringer of Death — Name 61 of Allah,names-of-allah,al-mumit meaning,50,5,0.3,800,informational,pending,,
al-hayy-the-ever-living,Al-Hayy: The Ever-Living — Name 62 of Allah,names-of-allah,al-hayy meaning,50,5,0.3,800,informational,pending,,
al-qayyum-the-self-sustaining,Al-Qayyum: The Self-Sustaining — Name 63 of Allah,names-of-allah,al-qayyum meaning,50,5,0.3,800,informational,pending,,
al-wajid-the-perceiver,Al-Wajid: The Perceiver — Name 64 of Allah,names-of-allah,al-wajid meaning,50,5,0.3,800,informational,pending,,
al-majid-the-illustrious,Al-Majid: The Illustrious — Name 65 of Allah,names-of-allah,al-majid meaning,50,5,0.3,800,informational,pending,,
al-wahid-the-one,Al-Wahid: The One — Name 66 of Allah,names-of-allah,al-wahid meaning,50,5,0.3,800,informational,pending,,
al-ahad-the-unique,Al-Ahad: The Unique — Name 67 of Allah,names-of-allah,al-ahad meaning,50,5,0.3,800,informational,pending,,
as-samad-the-eternal-refuge,As-Samad: The Eternal Refuge — Name 68 of Allah,names-of-allah,as-samad meaning,50,5,0.3,800,informational,pending,,
al-qadir-the-all-powerful,Al-Qadir: The All-Powerful — Name 69 of Allah,names-of-allah,al-qadir meaning,50,5,0.3,800,informational,pending,,
al-muqtadir-the-omnipotent,Al-Muqtadir: The Omnipotent — Name 70 of Allah,names-of-allah,al-muqtadir meaning,50,5,0.3,800,informational,pending,,
al-muqaddim-the-expediter,Al-Muqaddim: The Expediter — Name 71 of Allah,names-of-allah,al-muqaddim meaning,50,5,0.3,800,informational,pending,,
al-mu-akhkhir-the-delayer,Al-Mu'akhkhir: The Delayer — Name 72 of Allah,names-of-allah,al-mu'akhkhir meaning,50,5,0.3,800,informational,pending,,
al-awwal-the-first,Al-Awwal: The First — Name 73 of Allah,names-of-allah,al-awwal meaning,50,5,0.3,800,informational,pending,,
al-akhir-the-last,Al-Akhir: The Last — Name 74 of Allah,names-of-allah,al-akhir meaning,50,5,0.3,800,informational,pending,,
az-zahir-the-manifest,Az-Zahir: The Manifest — Name 75 of Allah,names-of-allah,az-zahir meaning,50,5,0.3,800,informational,pending,,
al-batin-the-hidden,Al-Batin: The Hidden — Name 76 of Allah,names-of-allah,al-batin meaning,50,5,0.3,800,informational,pending,,
al-wali-the-patron,Al-Wali: The Patron — Name 77 of Allah,names-of-allah,al-wali meaning,50,5,0.3,800,informational,pending,,
al-muta-ali-the-self-exalted,Al-Muta'ali: The Self Exalted — Name 78 of Allah,names-of-allah,al-muta'ali meaning,50,5,0.3,800,informational,pending,,
al-barr-the-source-of-all-goodness,Al-Barr: The Source of All Goodness — Name 79 of Allah,names-of-allah,al-barr meaning,50,5,0.3,800,informational,pending,,
at-tawwab-the-acceptor-of-repentance,At-Tawwab: The Acceptor of Repentance — Name 80 of Allah,names-of-allah,at-tawwab meaning,50,5,0.3,800,informational,pending,,
al-muntaqim-the-avenger,Al-Muntaqim: The Avenger — Name 81 of Allah,names-of-allah,al-muntaqim meaning,50,5,0.3,800,informational,pending,,
al-afuww-the-pardoner,Al-Afuww: The Pardoner — Name 82 of Allah,names-of-allah,al-afuww meaning,50,5,0.3,800,informational,pending,,
ar-ra-uf-the-most-kind,Ar-Ra'uf: The Most Kind — Name 83 of Allah,names-of-allah,ar-ra'uf meaning,50,5,0.3,800,informational,pending,,
malik-ul-mulk-master-of-the-kingdom,Malik-ul-Mulk: Master of the Kingdom — Name 84 of Allah,names-of-allah,malik-ul-mulk meaning,50,5,0.3,800,informational,pending,,
dhul-jalali-wal-ikram-lord-of-majesty-and-generosity,Dhul-Jalali-wal-Ikram: Lord of Majesty and Generosity — Name 85 of Allah,names-of-allah,dhul-jalali-wal-ikram meaning,50,5,0.3,800,informational,pending,,
al-muqsit-the-equitable,Al-Muqsit: The Equitable — Name 86 of Allah,names-of-allah,al-muqsit meaning,50,5,0.3,800,informational,pending,,
al-jami-the-gatherer,Al-Jami: The Gatherer — Name 87 of Allah,names-of-allah,al-jami meaning,50,5,0.3,800,informational,pending,,
al-ghani-the-self-sufficient,Al-Ghani: The Self-Sufficient — Name 88 of Allah,names-of-allah,al-ghani meaning,50,5,0.3,800,informational,pending,,
al-mughni-the-enricher,Al-Mughni: The Enricher — Name 89 of Allah,names-of-allah,al-mughni meaning,50,5,0.3,800,informational,pending,,
al-mani-the-withholder,Al-Mani: The Withholder — Name 90 of Allah,names-of-allah,al-mani meaning,50,5,0.3,800,informational,pending,,
ad-darr-the-distressor,Ad-Darr: The Distressor — Name 91 of Allah,names-of-allah,ad-darr meaning,50,5,0.3,800,informational,pending,,
an-nafi-the-benefactor,An-Nafi: The Benefactor — Name 92 of Allah,names-of-allah,an-nafi meaning,50,5,0.3,800,informational,pending,,
an-nur-the-light,An-Nur: The Light — Name 93 of Allah,names-of-allah,an-nur meaning,50,5,0.3,800,informational,pending,,
al-hadi-the-guide,Al-Hadi: The Guide — Name 94 of Allah,names-of-allah,al-hadi meaning,50,5,0.3,800,informational,pending,,
al-badi-the-incomparable-originator,Al-Badi: The Incomparable Originator — Name 95 of Allah,names-of-allah,al-badi meaning,50,5,0.3,800,informational,pending,,
al-baqi-the-ever-enduring,Al-Baqi: The Ever-Enduring — Name 96 of Allah,names-of-allah,al-baqi meaning,50,5,0.3,800,informational,pending,,
al-warith-the-inheritor,Al-Warith: The Inheritor — Name 97 of Allah,names-of-allah,al-warith meaning,50,5,0.3,800,informational,pending,,
ar-rashid-the-guide-to-the-right-path,Ar-Rashid: The Guide to the Right Path — Name 98 of Allah,names-of-allah,ar-rashid meaning,50,5,0.3,800,informational,pending,,
as-sabur-the-patient,As-Sabur: The Patient — Name 99 of Allah,names-of-allah,as-sabur meaning,50,5,0.3,800,informational,pending,,
muhammad-the-praised-one,Muhammad: The Praised One — Name 1 of the Messenger ﷺ,names-of-the-messenger,muhammad meaning prophet muhammad,50,5,0.3,750,informational,needs_review,2026-07-07T17:10:42.764Z,/names-of-the-messenger/muhammad-the-praised-one
ahmad-the-most-praiseworthy,Ahmad: The Most Praiseworthy — Name 2 of the Messenger ﷺ,names-of-the-messenger,ahmad meaning prophet muhammad,50,5,0.3,750,informational,published,2026-07-09T20:17:01.599Z,/names-of-the-messenger/ahmad-the-most-praiseworthy
al-mahi-the-effacer-of-disbelief,Al-Mahi: The Effacer of Disbelief — Name 3 of the Messenger ﷺ,names-of-the-messenger,al-mahi meaning prophet muhammad,50,5,0.3,750,informational,needs_review,2026-07-10T09:29:00.156Z,/names-of-the-messenger/al-mahi-the-effacer-of-disbelief
al-hashir-the-gatherer,Al-Hashir: The Gatherer — Name 4 of the Messenger ﷺ,names-of-the-messenger,al-hashir meaning prophet muhammad,50,5,0.3,750,informational,published,2026-07-13T09:19:18.066Z,/names-of-the-messenger/al-hashir-the-gatherer
al-aqib-the-last-prophet,Al-Aqib: The Last Prophet — Name 5 of the Messenger ﷺ,names-of-the-messenger,al-aqib meaning prophet muhammad,50,5,0.3,750,informational,failed,2026-07-19T18:53:11.247Z,
al-mustafa-the-chosen-one,Al-Mustafa: The Chosen One — Name 6 of the Messenger ﷺ,names-of-the-messenger,al-mustafa meaning prophet muhammad,50,5,0.3,750,informational,failed,2026-07-20T12:48:31.869Z,
al-habib-the-beloved,Al-Habib: The Beloved — Name 7 of the Messenger ﷺ,names-of-the-messenger,al-habib meaning prophet muhammad,50,5,0.3,750,informational,failed,2026-07-20T12:53:08.047Z,
al-amin-the-trustworthy,Al-Amin: The Trustworthy — Name 8 of the Messenger ﷺ,names-of-the-messenger,al-amin meaning prophet muhammad,50,5,0.3,750,informational,failed,2026-07-20T12:55:37.412Z,
as-sadiq-the-truthful,As-Sadiq: The Truthful — Name 9 of the Messenger ﷺ,names-of-the-messenger,as-sadiq meaning prophet muhammad,50,5,0.3,750,informational,failed,2026-07-20T12:59:51.831Z,
al-basheer-the-bringer-of-good-news,Al-Basheer: The Bringer of Good News — Name 10 of the Messenger ﷺ,names-of-the-messenger,al-basheer meaning prophet muhammad,50,5,0.3,750,informational,failed,2026-07-20T13:09:48.228Z,
an-nadheer-the-warner,An-Nadheer: The Warner — Name 11 of the Messenger ﷺ,names-of-the-messenger,an-nadheer meaning prophet muhammad,50,5,0.3,750,informational,failed,2026-07-20T13:28:22.933Z,
ad-da-i-ila-allah-the-caller-to-allah,Ad-Da'i ila Allah: The Caller to Allah — Name 12 of the Messenger ﷺ,names-of-the-messenger,ad-da'i ila allah meaning prophet muhammad,50,5,0.3,750,informational,failed,2026-07-20T13:32:52.359Z,
as-siraj-al-munir-the-illuminating-lamp,As-Siraj al-Munir: The Illuminating Lamp — Name 13 of the Messenger ﷺ,names-of-the-messenger,as-siraj al-munir meaning prophet muhammad,50,5,0.3,750,informational,failed,2026-07-20T13:36:52.708Z,
ta-ha-one-of-the-prophet-s-quranic-names,Ta-Ha: One of the Prophet's Quranic Names — Name 14 of the Messenger ﷺ,names-of-the-messenger,ta-ha meaning prophet muhammad,50,5,0.3,750,informational,failed,2026-07-20T13:50:18.184Z,
ya-sin-one-of-the-prophet-s-quranic-names,Ya-Sin: One of the Prophet's Quranic Names — Name 15 of the Messenger ﷺ,names-of-the-messenger,ya-sin meaning prophet muhammad,50,5,0.3,750,informational,pending,,
al-muzzammil-the-wrapped-one,Al-Muzzammil: The Wrapped One — Name 16 of the Messenger ﷺ,names-of-the-messenger,al-muzzammil meaning prophet muhammad,50,5,0.3,750,informational,pending,,
al-muddaththir-the-cloaked-one,Al-Muddaththir: The Cloaked One — Name 17 of the Messenger ﷺ,names-of-the-messenger,al-muddaththir meaning prophet muhammad,50,5,0.3,750,informational,pending,,
al-karim-the-noble,Al-Karim: The Noble — Name 18 of the Messenger ﷺ,names-of-the-messenger,al-karim meaning prophet muhammad,50,5,0.3,750,informational,pending,,
ash-shafi-the-intercessor,Ash-Shafi': The Intercessor — Name 19 of the Messenger ﷺ,names-of-the-messenger,ash-shafi' meaning prophet muhammad,50,5,0.3,750,informational,pending,,
al-muzakki-the-purifier,Al-Muzakki: The Purifier — Name 20 of the Messenger ﷺ,names-of-the-messenger,al-muzakki meaning prophet muhammad,50,5,0.3,750,informational,pending,,
al-muslih-the-reformer,Al-Muslih: The Reformer — Name 21 of the Messenger ﷺ,names-of-the-messenger,al-muslih meaning prophet muhammad,50,5,0.3,750,informational,pending,,
al-fatih-the-opener,Al-Fatih: The Opener — Name 23 of the Messenger ﷺ,names-of-the-messenger,al-fatih meaning prophet muhammad,50,5,0.3,750,informational,pending,,
khatim-an-nabiyyin-the-seal-of-the-prophets,Khatim an-Nabiyyin: The Seal of the Prophets — Name 24 of the Messenger ﷺ,names-of-the-messenger,khatim an-nabiyyin meaning prophet muhammad,50,5,0.3,750,informational,pending,,
sayyid-al-mursalin-the-master-of-messengers,Sayyid al-Mursalin: The Master of Messengers — Name 25 of the Messenger ﷺ,names-of-the-messenger,sayyid al-mursalin meaning prophet muhammad,50,5,0.3,750,informational,pending,,
imam-al-muttaqin-the-leader-of-the-god-conscious,Imam al-Muttaqin: The Leader of the God-conscious — Name 26 of the Messenger ﷺ,names-of-the-messenger,imam al-muttaqin meaning prophet muhammad,50,5,0.3,750,informational,pending,,
rahmatul-lil-alamin-a-mercy-to-the-worlds,Rahmatul-lil-Alamin: A Mercy to the Worlds — Name 27 of the Messenger ﷺ,names-of-the-messenger,rahmatul-lil-alamin meaning prophet muhammad,50,5,0.3,750,informational,pending,,
al-mubashshir-the-herald-of-glad-tidings,Al-Mubashshir: The Herald of Glad Tidings — Name 28 of the Messenger ﷺ,names-of-the-messenger,al-mubashshir meaning prophet muhammad,50,5,0.3,750,informational,pending,,
al-muballigh-the-conveyor,Al-Muballigh: The Conveyor — Name 29 of the Messenger ﷺ,names-of-the-messenger,al-muballigh meaning prophet muhammad,50,5,0.3,750,informational,pending,,
an-nabi-al-ummi-the-unlettered-prophet,An-Nabi al-Ummi: The Unlettered Prophet — Name 30 of the Messenger ﷺ,names-of-the-messenger,an-nabi al-ummi meaning prophet muhammad,50,5,0.3,750,informational,pending,,
al-mudhakkir-the-reminder,Al-Mudhakkir: The Reminder — Name 31 of the Messenger ﷺ,names-of-the-messenger,al-mudhakkir meaning prophet muhammad,50,5,0.3,750,informational,pending,,
rasul-ar-rahma-the-messenger-of-mercy,Rasul ar-Rahma: The Messenger of Mercy — Name 32 of the Messenger ﷺ,names-of-the-messenger,rasul ar-rahma meaning prophet muhammad,50,5,0.3,750,informational,pending,,
rasul-al-malahim-the-messenger-of-the-great-battles,Rasul al-Malahim: The Messenger of the Great Battles — Name 33 of the Messenger ﷺ,names-of-the-messenger,rasul al-malahim meaning prophet muhammad,50,5,0.3,750,informational,pending,,
nabi-at-tawba-the-prophet-of-repentance,Nabi at-Tawba: The Prophet of Repentance — Name 34 of the Messenger ﷺ,names-of-the-messenger,nabi at-tawba meaning prophet muhammad,50,5,0.3,750,informational,pending,,
al-muqaffi-the-follower-of-the-prophets,Al-Muqaffi: The Follower (of the Prophets) — Name 35 of the Messenger ﷺ,names-of-the-messenger,al-muqaffi meaning prophet muhammad,50,5,0.3,750,informational,pending,,
sahib-al-liwa-bearer-of-the-banner,Sahib al-Liwa': Bearer of the Banner — Name 36 of the Messenger ﷺ,names-of-the-messenger,sahib al-liwa' meaning prophet muhammad,50,5,0.3,750,informational,pending,,
sahib-ash-shafa-ah-owner-of-intercession,Sahib ash-Shafa'ah: Owner of Intercession — Name 37 of the Messenger ﷺ,names-of-the-messenger,sahib ash-shafa'ah meaning prophet muhammad,50,5,0.3,750,informational,pending,,
sahib-al-kawthar-owner-of-al-kawthar,Sahib al-Kawthar: Owner of al-Kawthar — Name 38 of the Messenger ﷺ,names-of-the-messenger,sahib al-kawthar meaning prophet muhammad,50,5,0.3,750,informational,pending,,
sahib-al-maqam-al-mahmud-owner-of-the-praised-station,Sahib al-Maqam al-Mahmud: Owner of the Praised Station — Name 39 of the Messenger ﷺ,names-of-the-messenger,sahib al-maqam al-mahmud meaning prophet muhammad,50,5,0.3,750,informational,pending,,
nur-light,Nur: Light — Name 40 of the Messenger ﷺ,names-of-the-messenger,nur meaning prophet muhammad,50,5,0.3,750,informational,pending,,
habib-allah-beloved-of-allah,Habib Allah: Beloved of Allah — Name 41 of the Messenger ﷺ,names-of-the-messenger,habib allah meaning prophet muhammad,50,5,0.3,750,informational,pending,,
khalil-ar-rahman-close-friend-of-the-most-merciful,Khalil ar-Rahman: Close Friend of the Most Merciful — Name 42 of the Messenger ﷺ,names-of-the-messenger,khalil ar-rahman meaning prophet muhammad,50,5,0.3,750,informational,pending,,
safi-allah-the-chosen-of-allah,Safi Allah: The Chosen of Allah — Name 43 of the Messenger ﷺ,names-of-the-messenger,safi allah meaning prophet muhammad,50,5,0.3,750,informational,pending,,
rasul-al-malhama-messenger-of-the-fierce-battle,Rasul al-Malhama: Messenger of the Fierce Battle — Name 44 of the Messenger ﷺ,names-of-the-messenger,rasul al-malhama meaning prophet muhammad,50,5,0.3,750,informational,pending,,
al-mujtaba-the-chosen,Al-Mujtaba: The Chosen — Name 45 of the Messenger ﷺ,names-of-the-messenger,al-mujtaba meaning prophet muhammad,50,5,0.3,750,informational,pending,,
al-murtada-the-well-pleased,Al-Murtada: The Well-Pleased — Name 46 of the Messenger ﷺ,names-of-the-messenger,al-murtada meaning prophet muhammad,50,5,0.3,750,informational,pending,,
sayyid-waladi-adam-master-of-the-children-of-adam,Sayyid Waladi Adam: Master of the Children of Adam — Name 47 of the Messenger ﷺ,names-of-the-messenger,sayyid waladi adam meaning prophet muhammad,50,5,0.3,750,informational,pending,,
al-bushra-the-good-news,Al-Bushra: The Good News — Name 48 of the Messenger ﷺ,names-of-the-messenger,al-bushra meaning prophet muhammad,50,5,0.3,750,informational,pending,,
an-najm-ath-thaqib-the-piercing-star,An-Najm ath-Thaqib: The Piercing Star — Name 49 of the Messenger ﷺ,names-of-the-messenger,an-najm ath-thaqib meaning prophet muhammad,50,5,0.3,750,informational,pending,,
al-fadl-the-excellence,Al-Fadl: The Excellence — Name 50 of the Messenger ﷺ,names-of-the-messenger,al-fadl meaning prophet muhammad,50,5,0.3,750,informational,pending,,
rassoul-ndiaye,Rassoul Ndiaye,sirah,rassoul ndiaye,140,16,,666,informational,pending,,
